<?xml version='1.0' encoding='utf-8' standalone='yes' ?>
<map>
    <boolean name="JumpToNextPlaylistAutomatically" value="false" />
    <string name="FileList:FavoritePaths"></string>
    <int name="dialogs.fileinfo.tabs" value="0" />
    <string name="CrossFadeTimeOnAutomaticTrackSwitching">1000</string>
    <boolean name="KeepPlayerStateOnNavigation" value="true" />
    <string name="NotificationStyle">auto</string>
    <boolean name="ShowHiddenFolders" value="false" />
    <boolean name="AllowWaveformAnimation" value="true" />
    <string name="AppSkinLayout">auto</string>
    <boolean name="ShakeIt" value="false" />
    <boolean name="AlbumCoverFindInInternet" value="false" />
    <boolean name="JumpToNextTrackAutomatically" value="true" />
    <string name="TrackerMusicPlaybackMode">0</string>
    <boolean name="GesturesAllowed" value="false" />
    <int name="FileList:SortMode" value="1" />
    <long name="NightModeStart" value="75600000" />
    <string name="GestureActionOnSwipeLeftToRight">com.aimp.service.action.prevTrack</string>
    <boolean name="DontStartOnExternalIntent" value="false" />
    <string name="Orientation">Auto</string>
    <boolean name="PreloadTracks" value="true" />
    <boolean name="MixToMono" value="false" />
    <boolean name="AutoReconnectToStream" value="true" />
    <int name="dialogs.dsp.tabs" value="1" />
    <int name="Tempo" value="100" />
    <string name="TrackerMusicSurroundMode">0</string>
    <boolean name="PlaylistAbsoluteNumeration" value="true" />
    <int name="AppSkinAutoAccentCacheBG" value="0" />
    <string name="SleepTimerEventClass">com.aimp.player.service.helpers.SleepTimer$EventOnElapsedTime</string>
    <string name="ReplayGainDefaultValue">0.0</string>
    <boolean name="PeakNormalization" value="false" />
    <boolean name="PlayOnWiredHeadsetConnection" value="false" />
    <boolean name="AutoBookmarksForFiles" value="false" />
    <boolean name="PauseOnPermanentLoseFocus" value="true" />
    <boolean name="PlayOnWirelessHeadsetConnection" value="false" />
    <string name="FileList:LastFolderForMUSIC">sdcard://C1EE-12FA/Music (Legacy)</string>
    <boolean name="AutoBookmarksForPlaylists" value="false" />
    <boolean name="STATE_OF_android.permission.READ_EXTERNAL_STORAGE" value="true" />
    <string name="PeakNormalizationTargetValue">0.0</string>
    <boolean name="ReplayGainUseFromTags" value="true" />
    <string name="GestureActionOnDoubleTapAtLeft">com.aimp.service.action.rewind</string>
    <string name="NightModeProvider">none</string>
    <string name="GestureActionOnSwipeBottomToTop"></string>
    <string name="DeviceFreq">48000</string>
    <boolean name="RequireFocusToPlay" value="true" />
    <int name="AlbumCoverFindInInternetLimit" value="512" />
    <string name="AppSkinNightTheme">Strict Black</string>
    <boolean name="ReplayGain" value="false" />
    <boolean name="ShuffleModeForEachPlaylist" value="false" />
    <boolean name="ImportPlaylistToNewTabs" value="true" />
    <string name="ReplayGainSource">1</string>
    <int name="Playback:State" value="0" />
    <boolean name="HideStatusBar" value="false" />
    <boolean name="PlaylistShowNumbers" value="true" />
    <int name="UIScaleFactor" value="100" />
    <boolean name="AskForBookmarkNameAtCreation" value="false" />
    <long name="NightModeFinish" value="25200000" />
    <boolean name="DecreaseVolumeOnShortLoseFocus" value="true" />
    <int name="acra.lastVersionNr" value="1186" />
    <int name="ChangeLogVersion" value="1186" />
    <boolean name="KeepWakeLockWhilePaused" value="false" />
    <boolean name="ReplayGainUseOnTheFlyAnalysis" value="true" />
    <boolean name="JumpToBeginningOnPrevTrackClick" value="false" />
    <boolean name="PlayOnUnmute" value="false" />
    <boolean name="AlbumCoverFindInFileFolder" value="true" />
    <boolean name="AlbumCoverLoadFromTags" value="true" />
    <string name="ReplayGainPreampForPredefinedValues">0.0</string>
    <boolean name="PlaylistMergeGroups" value="true" />
    <int name="AppSkinAutoAccentCache" value="0" />
    <string name="GestureActionOnSwipeRightToLeft">com.aimp.service.action.nextTrack</string>
    <string name="OutputMethod">0</string>
    <string name="TrackerMusicRampingMode">1</string>
    <boolean name="AutoSortPlaylistList" value="false" />
    <boolean name="DeviceNonStop" value="false" />
    <string name="ActionOnStartup">resume_player_state</string>
    <string name="PauseBetweenTracks">0</string>
    <boolean name="PauseOnMute" value="false" />
    <long name="SleepTimercom.aimp.player.service.helpers.SleepTimer$EventOnElapsedTime" value="1800" />
    <boolean name="ImportEntireFolder" value="false" />
    <int name="DSPManager:EqStyle" value="1" />
    <boolean name="PauseAtBeginningOfNextTrack" value="false" />
    <boolean name="AllowFastScrolling" value="true" />
    <boolean name="UseVolumeFadingOnResume" value="true" />
    <boolean name="AlbumCoverFindInInternetOnWiFi" value="false" />
    <int name="AppSkinAutoAccentCacheFG" value="0" />
    <boolean name="AllowStateChangeAnimation" value="true" />
    <string name="TrackerMusicInterpolationMode">2</string>
    <boolean name="KeepScreenOn" value="false" />
    <string name="PlayerRewindDelta">15</string>
    <boolean name="ImportFilesPlayImmediately" value="true" />
    <string name="ActionOnTripleHeadsetClick"></string>
    <boolean name="PauseOnShortLoseFocus" value="false" />
    <string name="FormattingLine2">%Properties</string>
    <string name="FormattingLine1">%FileName</string>
    <string name="ImportFilesDefaultAction">toDefault</string>
    <float name="Balance" value="0.0" />
    <int name="AppSkinAccent" value="-8553091" />
    <boolean name="AllowImageChangeAnimation" value="true" />
    <string name="ActionOnSingleHeadsetClick">com.aimp.service.action.playOrPause</string>
    <string name="AppSkinTheme">Strict Black</string>
    <string name="GestureActionOnDoubleTapAtBottom"></string>
    <boolean name="UseVolumeFadingOnTrackEdges" value="false" />
    <string name="Proxy"></string>
    <string name="ResamplingQuality">3</string>
    <string name="Language">default</string>
    <boolean name="DeviceForce16Bit" value="true" />
    <string name="UserAgent">AIMP/3.0</string>
    <boolean name="TreatBluetoothCommandsAsHeadsetCommands" value="false" />
    <string name="GestureActionOnSwipeTopToBottom"></string>
    <boolean name="AskForPlaylistNameAtCreation" value="true" />
    <string name="AutoBookmarksActionOnStartPlayback">ask</string>
    <string name="ActionOnDoubleHeadsetClick">com.aimp.service.action.nextTrack</string>
    <string name="GestureActionOnDoubleTapAtRight">com.aimp.service.action.fastForward</string>
    <boolean name="AllowCrossFading" value="false" />
    <string name="CrossFadeTimeOnManualTrackSwitching">1000</string>
    <boolean name="PlaylistAutoMergeGroups" value="false" />
    <boolean name="UseVolumeButtonsForNavigation" value="false" />
    <boolean name="AutoLoadEqPresets" value="false" />
    <string name="ReplayGainPreampForCalculatedValues">0.0</string>
    <string name="NotificationKind">system</string>
    <string name="CodePageForTags">windows-1251</string>
    <boolean name="AlbumArtOnLockScreen" value="false" />
    <boolean name="AllowFastScroll" value="true" />
    <boolean name="JumpBackOnStartAfterLongPause" value="false" />
    <string name="AppSkin">Default</string>
    <string name="GestureActionOnDoubleTapAtTop"></string>
    <string name="GestureActionOnScrollVertically">AdjustVolume</string>
</map>
